id_pago,codigo_pago,id_operacion,fecha_pago,medio_pago,monto_pagado,estado_pago
1,PG00001,1,2026-04-09,Tarjeta,84.31,Parcial
2,PG00002,2,2026-04-20,Efectivo contraentrega,703.78,Pagado
3,PG00003,3,2026-04-27,Transferencia,613.06,Parcial
4,PG00004,4,2026-05-14,Crédito corporativo,895.15,Parcial
5,PG00005,5,2026-04-11,Tarjeta,325.60,Pagado
6,PG00006,6,2026-05-23,Efectivo contraentrega,228.30,Pagado
7,PG00007,7,2026-01-01,Transferencia,158.21,Pagado
8,PG00008,8,2026-06-17,Crédito corporativo,1299.39,Pagado
9,PG00009,9,2026-06-25,Tarjeta,1688.05,Pagado
10,PG00010,10,2026-01-24,Efectivo contraentrega,1433.74,parcial
11,PG00011,11,2026-01-12,Transferencia,0.0,Anulado
12,PG00012,12,2026-04-22,Crédito corporativo,380.00,Pagado
13,PG00013,13,2026-05-19,Tarjeta,0.0,Anulado
14,PG00014,14,2026-01-24,Efectivo contraentrega,3194.56,Pagado
15,PG00015,15,2026-04-20,Transferencia,4000.54,pagado
16,PG00016,16,2026-03-25,Crédito corporativo,1727.35,Pagado
17,PG00017,17,2026-06-24,Tarjeta,282.66,Pagado
18,PG00018,18,2026-02-06,Efectivo contraentrega,1282.22,Pagado
19,PG00019,19,2026-03-27,Transferencia,1170.77,Parcial
20,PG00020,20,2026-03-27,Crédito corporativo,1057.16,Pagado
21,PG00021,21,2026-01-19,Tarjeta,603.28,Pagado
22,PG00022,22,2026-04-10,Efectivo contraentrega,406.78,Pagado
23,PG00023,23,2026-01-27,Transferencia,0.0,Anulado
24,PG00024,24,2026-02-17,Crédito corporativo,4607.39,pagado
25,PG00025,25,2026-03-23,Tarjeta,1029.92,Pagado
26,PG00026,26,2026-01-08,Efectivo contraentrega,0.0,Anulado
27,PG00027,27,2026-01-24,Transferencia,0.0,Anulado
28,PG00028,28,2026-02-09,Crédito corporativo,1596.93,Pagado
29,PG00029,29,2026-06-02,Tarjeta,2119.00,Pagado
30,PG00030,30,2026-02-07,Efectivo contraentrega,341.05,Pagado
31,PG00031,31,2026-04-06,Transferencia,960.00,Pagado
32,PG00032,32,2026-01-24,Crédito corporativo,0.0,Anulado
33,PG00033,33,2026-02-12,Tarjeta,726.44,Pagado
34,PG00034,34,2026-03-27,Efectivo contraentrega,0.0,Anulado
35,PG00035,35,2026-03-22,Transferencia,3317.54,pagado
36,PG00036,36,2026-01-03,Crédito corporativo,1807.9,Parcial
37,PG00037,37,2026-06-28,Tarjeta,144.00,Pagado
38,PG00038,38,2026-01-23,Efectivo contraentrega,0.0,Anulado
39,PG00039,39,2026-03-12,Transferencia,1090.32,Pagado
40,PG00040,40,2026-02-05,Crédito corporativo,0.0,Anulado
41,PG00041,41,2026-02-27,Tarjeta,365.72,Pagado
42,PG00042,42,2026-01-02,Efectivo contraentrega,0.0,Anulado
43,PG00043,43,2026-03-04,Transferencia,638.92,Parcial
44,PG00044,44,2026-01-25,Crédito corporativo,1596.42,Pagado
45,PG00045,45,2026-06-18,Tarjeta,1855.32,Parcial
46,PG00046,46,2026-05-15,Efectivo contraentrega,363.04,Pagado
47,PG00047,47,2026-02-12,Transferencia,1848.35,Pagado
48,PG00048,48,2026-04-24,Crédito corporativo,0.0,Anulado
49,PG00049,49,2026-02-19,Tarjeta,1862.40,Pagado
50,PG00050,50,2026-01-04,Efectivo contraentrega,347.17,Pagado
51,PG00051,51,2026-03-18,Transferencia,3444.92,Pagado
52,PG00052,52,2026-01-15,Crédito corporativo,769.84,Pagado
53,PG00053,53,2026-04-12,Tarjeta,475.00,Pagado
54,PG00054,54,2026-05-06,Efectivo contraentrega,150.80,Pagado
55,PG00055,55,2026-04-05,Transferencia,1653.32,Pagado
56,PG00056,56,2026-05-21,Crédito corporativo,1194.44,Pagado
57,PG00057,57,2026-06-09,Tarjeta,0.0,Anulado
58,PG00058,58,2026-03-24,Efectivo contraentrega,0.0,Anulado
59,PG00059,59,2026-03-01,Transferencia,0.0,Anulado
60,PG00060,60,2026-01-23,Crédito corporativo,285.00,Pagado
61,PG00061,61,2026-05-05,Tarjeta,2039.41,Pagado
62,PG00062,62,2026-02-17,Efectivo contraentrega,0.0,Anulado
63,PG00063,63,2026-02-05,Transferencia,255.64,Pagado
64,PG00064,64,2026-03-02,Crédito corporativo,302.40,Pagado
65,PG00065,65,2026-06-21,Tarjeta,2378.66,Parcial
66,PG00066,66,2026-06-02,Efectivo contraentrega,4039.94,Pagado
67,PG00067,67,2026-01-10,Transferencia,590.20,Pagado
68,PG00068,68,2026-04-09,Crédito corporativo,1649.67,Pagado
69,PG00069,69,2026-05-16,Tarjeta,2477.30,Pagado
70,PG00070,70,2026-03-21,Efectivo contraentrega,0.0,Anulado
71,PG00071,71,2026-01-03,Transferencia,773.40,Pagado
72,PG00072,72,2026-03-23,Crédito corporativo,1575.06,Pagado
73,PG00073,73,2026-03-22,Tarjeta,158.21,Pagado
74,PG00074,74,2026-04-01,Efectivo contraentrega,2395.80,Pagado
75,PG00075,75,2026-05-23,Transferencia,36.00,Pagado
76,PG00076,76,2026-04-01,Crédito corporativo,4514.37,pagado
77,PG00077,77,,Tarjeta,884.80,Pagado
78,PG00078,78,2026-03-24,Efectivo contraentrega,248.85,Pagado
79,PG00079,79,2026-04-14,Transferencia,1332.93,pagado
80,PG00080,80,2026-04-12,Crédito corporativo,2319.96,Parcial
81,PG00081,81,2026-05-23,Tarjeta,0.0,Anulado
82,PG00082,82,2026-03-05,Efectivo contraentrega,494.57,Pagado
83,PG00083,83,2026-06-04,Transferencia,593.75,Pagado
84,PG00084,84,2026-01-02,Crédito corporativo,1818.77,Pagado
85,PG00085,85,2026-02-08,Tarjeta,1558.01,Pagado
86,PG00086,86,2026-06-20,Efectivo contraentrega,289.66,Pagado
87,PG00087,87,2026-05-07,Transferencia,348.90,Pagado
88,PG00088,88,2026-01-09,Crédito corporativo,163.20,Pagado
89,PG00089,89,2026-03-06,Tarjeta,12.00,Pagado
90,PG00090,90,2026-06-28,Efectivo contraentrega,597.80,Pagado
91,PG00091,91,2026-01-05,Transferencia,319.55,Pagado
92,PG00092,92,2026-01-04,Crédito corporativo,1125.05,Pagado
93,PG00093,93,2026-03-26,Tarjeta,0.0,Anulado
94,PG00094,94,2026-02-06,Efectivo contraentrega,0.0,Anulado
95,PG00095,95,2026-03-24,Transferencia,0.0,Anulado
96,PG00096,96,2026-02-11,Crédito corporativo,1470.77,parcial
97,PG00097,97,2026-03-13,Tarjeta,0.0,Anulado
98,PG00098,98,2026-01-08,Efectivo contraentrega,0.0,Anulado
99,PG00099,99,2026-04-08,Transferencia,1460.26,Parcial
100,PG00100,100,2026-04-27,Crédito corporativo,185.18,Pagado
101,PG00101,101,2026-04-12,Tarjeta,657.80,Pagado
102,PG00102,102,2026-02-21,Efectivo contraentrega,726.64,Pagado
103,PG00103,103,2026-03-07,Transferencia,12.00,Pagado
104,PG00104,104,2026-04-23,Crédito corporativo,225.00,Pagado
105,PG00105,105,2026-04-06,Tarjeta,723.00,Pagado
106,PG00106,106,2026-05-25,Efectivo contraentrega,135.26,Parcial
107,PG00107,107,2026-04-03,Transferencia,1419.79,Pagado
108,PG00108,108,2026-03-11,Crédito corporativo,834.71,Pagado
109,PG00109,109,2026-04-06,Tarjeta,150.22,Pagado
110,PG00110,110,2026-01-18,Efectivo contraentrega,5140.73,Pagado
111,PG00111,111,2026-05-22,Transferencia,2444.43,parcial
112,PG00112,112,2026-04-01,Crédito corporativo,2962.33,Parcial
113,PG00113,113,2026-06-27,Tarjeta,0.0,Anulado
114,PG00114,114,2026-04-11,Efectivo contraentrega,1768.10,Pagado
115,PG00115,115,2026-04-11,Transferencia,762.83,Pagado
116,PG00116,116,2026-02-09,Crédito corporativo,435.29,Parcial
117,PG00117,117,2026-04-24,Tarjeta,1725.28,Pagado
118,PG00118,118,2026-05-05,Efectivo contraentrega,0.0,Anulado
119,PG00119,119,2026-06-10,Transferencia,982.34,Pagado
120,PG00120,120,2026-03-17,Crédito corporativo,145.15,Pagado
121,PG00121,121,2026-01-13,Tarjeta,108.00,Pagado
122,PG00122,122,2026-05-24,Efectivo contraentrega,490.07,Pagado
123,PG00123,123,2026-03-26,Transferencia,1742.92,Pagado
124,PG00124,124,2026-02-02,Crédito corporativo,1151.22,Pagado
125,PG00125,125,2026-01-03,Tarjeta,2244.26,Pagado
126,PG00126,126,2026-06-01,Efectivo contraentrega,19.39,Pagado
127,PG00127,127,2026-02-09,Transferencia,2837.91,Parcial
128,PG00128,128,2026-04-19,Crédito corporativo,0.0,Anulado
129,PG00129,129,2026-01-14,Tarjeta,815.2,Parcial
130,PG00130,130,2026-05-03,Efectivo contraentrega,351.24,Pagado
131,PG00131,131,2026-04-08,Transferencia,2526.41,Parcial
132,PG00132,132,2026-05-23,Crédito corporativo,2791.32,Pagado
133,PG00133,133,2026-01-01,Tarjeta,359.55,Pagado
134,PG00134,134,2026-03-18,Efectivo contraentrega,2966.64,Pagado
135,PG00135,135,2026-06-22,Transferencia,1238.93,Parcial
136,PG00136,136,2026-02-26,Crédito corporativo,728.96,Pagado
137,PG00137,137,2026-03-20,Tarjeta,48.00,Pagado
138,PG00138,138,2026-04-28,Efectivo contraentrega,0.0,Anulado
139,PG00139,139,2026-03-12,Transferencia,570.70,Pagado
140,PG00140,140,2026-06-20,Crédito corporativo,0.0,Anulado
141,PG00141,141,2026-02-25,Tarjeta,257.80,Pagado
142,PG00142,142,2026-03-15,Efectivo contraentrega,1225.23,Parcial
143,PG00143,143,2026-05-05,Transferencia,0.0,Anulado
144,PG00144,144,2026-03-09,Crédito corporativo,3142.29,Pagado
145,PG00145,145,2026-01-22,Tarjeta,1058.68,Pagado
146,PG00146,146,2026-05-09,Efectivo contraentrega,103.00,Pagado
147,PG00147,147,2026-03-05,Transferencia,2808.42,Parcial
148,PG00148,148,2026-05-23,Crédito corporativo,648.04,Pagado
149,PG00149,149,2026-05-22,Tarjeta,753.27,Pagado
150,PG00150,150,2026-04-20,Efectivo contraentrega,0.0,Anulado
151,PG00151,151,2026-02-22,Transferencia,2351.72,Parcial
152,PG00152,152,2025-12-19,Crédito corporativo,544.83,Pagado
153,PG00153,153,2026-05-02,Tarjeta,346.00,Pagado
154,PG00154,154,2026-04-22,Efectivo contraentrega,220.00,Pagado
155,PG00155,155,,Transferencia,427.35,Pagado
156,PG00156,156,2026-03-23,Crédito corporativo,2181.74,Pagado
157,PG00157,157,2026-06-08,Tarjeta,429.88,Pagado
158,PG00158,158,2026-06-28,Efectivo contraentrega,480.87,Pagado
159,PG00159,159,2026-06-28,Transferencia,1681.75,Pagado
160,PG00160,160,2026-03-24,Crédito corporativo,276.00,Pagado
161,PG00161,161,2026-05-25,Tarjeta,0.0,Anulado
162,PG00162,162,2026-03-03,Efectivo contraentrega,561.77,Parcial
163,PG00163,163,2026-01-21,Transferencia,1663.99,Parcial
164,PG00164,164,2026-02-19,Crédito corporativo,36.00,Pagado
165,PG00165,165,2026-04-24,Tarjeta,551.98,Parcial
166,PG00166,166,2026-02-21,Efectivo contraentrega,1925.88,Parcial
167,PG00167,167,2026-03-13,Transferencia,558.92,Parcial
168,PG00168,168,2026-05-17,Crédito corporativo,684.88,Pagado
169,PG00169,169,2026-04-17,Tarjeta,0.0,Anulado
170,PG00170,170,2026-03-04,Efectivo contraentrega,0.0,Anulado
171,PG00171,171,2026-05-18,Transferencia,0.0,Anulado
172,PG00172,172,2026-03-26,Crédito corporativo,1722.44,Pagado
173,PG00173,173,2026-06-05,Tarjeta,105.00,Pagado
174,PG00174,174,2026-06-03,Efectivo contraentrega,3208.88,Pagado
175,PG00175,175,2026-06-12,Transferencia,3807.92,Pagado
176,PG00176,176,2026-03-17,Crédito corporativo,24.00,Pagado
177,PG00177,177,2026-05-21,Tarjeta,1649.45,Parcial
178,PG00178,178,2026-04-03,Efectivo contraentrega,3311.28,Parcial
179,PG00179,179,2026-06-28,Transferencia,0.0,Anulado
180,PG00180,180,2026-06-17,Crédito corporativo,72.00,Pagado
181,PG00181,181,2026-02-07,Tarjeta,2906.95,Pagado
182,PG00182,182,2026-02-25,Efectivo contraentrega,642.81,Parcial
183,PG00183,183,2026-01-25,Transferencia,585.16,Pagado
184,PG00184,184,2026-04-23,Crédito corporativo,3071.13,Pagado
185,PG00185,185,2026-05-27,Tarjeta,4335.15,Pagado
186,PG00186,186,2026-02-06,Efectivo contraentrega,2635.00,Pagado
187,PG00187,187,2026-01-26,Transferencia,2115.26,Pagado
188,PG00188,188,2026-02-20,Crédito corporativo,0.0,Anulado
189,PG00189,189,2026-04-23,Tarjeta,861.96,pagado
190,PG00190,190,2026-02-13,Efectivo contraentrega,1089.66,Pagado
191,PG00191,191,2026-05-18,Transferencia,1109.42,Parcial
192,PG00192,192,2026-02-28,Crédito corporativo,392.17,Pagado
193,PG00193,193,2026-06-21,Tarjeta,0.0,Anulado
194,PG00194,194,2026-03-08,Efectivo contraentrega,785.95,Parcial
195,PG00195,195,2026-04-05,Transferencia,2884.02,Pagado
196,PG00196,196,,Crédito corporativo,1515.23,Pagado
197,PG00197,197,2026-02-10,Tarjeta,1953.27,Pagado
198,PG00198,198,2026-06-05,Efectivo contraentrega,1460.7,pagado
199,PG00199,199,2026-01-16,Transferencia,111.24,Pagado
200,PG00200,200,2026-03-28,Crédito corporativo,1527.07,parcial
201,PG00201,201,2026-01-25,Tarjeta,559.52,Pagado
202,PG00202,202,2026-02-13,Efectivo contraentrega,1280.00,Pagado
203,PG00203,203,2026-02-11,Transferencia,319.55,Pagado
204,PG00204,204,2026-01-10,Crédito corporativo,459.51,Pagado
205,PG00205,205,2026-02-12,Tarjeta,1920.00,Pagado
206,PG00206,206,2026-05-01,Efectivo contraentrega,739.14,Pagado
207,PG00207,207,2026-01-17,Transferencia,1099.89,Pagado
208,PG00208,208,2026-01-17,Crédito corporativo,1353.71,Parcial
209,PG00209,209,2026-01-20,Tarjeta,0.0,Anulado
210,PG00210,210,2026-01-12,Efectivo contraentrega,270.00,Pagado
211,PG00211,211,2026-06-28,Transferencia,554.20,Pagado
212,PG00212,212,2026-04-15,Crédito corporativo,0.0,Anulado
213,PG00213,213,2026-05-21,Tarjeta,1029.55,Pagado
214,PG00214,214,2026-03-28,Efectivo contraentrega,0.0,Anulado
215,PG00215,215,2026-01-12,Transferencia,656.66,Parcial
216,PG00216,216,2026-06-18,Crédito corporativo,2457.76,Pagado
217,PG00217,217,2026-05-20,Tarjeta,78.22,Pagado
218,PG00218,218,2026-06-20,Efectivo contraentrega,1491.91,Parcial
219,PG00219,219,2026-03-04,Transferencia,1661.02,Pagado
220,PG00220,220,2026-02-28,Crédito corporativo,260.00,Pagado
221,PG00221,221,2026-02-09,Tarjeta,183.07,Pagado
222,PG00222,222,2026-03-16,Efectivo contraentrega,242.00,Pagado
223,PG00223,223,2026-05-12,Transferencia,1982.44,Pagado
224,PG00224,224,2026-01-26,Crédito corporativo,0.0,Anulado
225,PG00225,225,2026-02-16,Tarjeta,3523.32,pagado
226,PG00226,226,2026-04-21,Efectivo contraentrega,0.0,Anulado
227,PG00227,227,2026-06-16,Transferencia,850.26,Pagado
228,PG00228,228,2026-04-18,Crédito corporativo,4156.57,pagado
229,PG00229,229,2026-01-03,Tarjeta,2012.12,Pagado
230,PG00230,230,2026-04-28,Efectivo contraentrega,363.04,Pagado
231,PG00231,231,2026-01-03,Transferencia,110.00,Pagado
232,PG00232,232,2026-03-25,Crédito corporativo,0.0,Anulado
233,PG00233,233,2026-01-16,Tarjeta,1029.65,Pagado
234,PG00234,234,2026-05-17,Efectivo contraentrega,1208.45,Pagado
235,PG00235,235,2026-04-17,Transferencia,468.46,Pagado
236,PG00236,236,2026-01-16,Crédito corporativo,900.84,Pagado
237,PG00237,237,2026-04-22,Tarjeta,665.09,Pagado
238,PG00238,238,2026-03-04,Efectivo contraentrega,0.0,Anulado
239,PG00239,239,2026-04-08,Transferencia,2416.93,Parcial
240,PG00240,240,2026-05-05,Crédito corporativo,0.0,Anulado
241,PG00241,241,2026-03-09,Tarjeta,459.92,Pagado
242,PG00242,242,2026-02-16,Efectivo contraentrega,663.89,Pagado
243,PG00243,243,2026-05-24,Transferencia,1298.05,Pagado
244,PG00244,244,,Crédito corporativo,4782.69,Pagado
245,PG00245,245,2026-01-22,Tarjeta,192.00,Pagado
246,PG00246,246,2026-02-09,Efectivo contraentrega,1787.13,Pagado
247,PG00247,247,2026-06-23,Transferencia,3084.66,Parcial
248,PG00248,248,2026-04-09,Crédito corporativo,0.0,Anulado
249,PG00249,249,2026-04-22,Tarjeta,570.00,Pagado
250,PG00250,250,2026-04-27,Efectivo contraentrega,0.0,Anulado
251,PG00251,251,2026-04-05,Transferencia,244.53,Pagado
252,PG00252,252,,Crédito corporativo,197.60,Pagado
253,PG00253,253,2026-06-25,Tarjeta,272.28,Pagado
254,PG00254,254,2026-06-08,Efectivo contraentrega,383.46,Pagado
255,PG00255,255,2026-05-05,Transferencia,1686.84,Pagado
256,PG00256,256,2026-06-03,Crédito corporativo,390.00,Pagado
257,PG00257,257,2026-05-14,Tarjeta,0.0,Anulado
258,PG00258,258,2026-03-23,Efectivo contraentrega,1643.70,Pagado
259,PG00259,259,2026-04-22,Transferencia,3090.00,Pagado
260,PG00260,260,2026-03-07,Crédito corporativo,300.84,Parcial
261,PG00261,261,2026-04-13,Tarjeta,3605.11,Parcial
262,PG00262,262,2026-06-04,Efectivo contraentrega,184.78,Parcial
263,PG00263,263,2026-05-07,Transferencia,0.0,Anulado
264,PG00264,264,2026-04-06,Crédito corporativo,0.0,Anulado
265,PG00265,265,2026-06-27,Tarjeta,1170.42,Pagado
266,PG00266,266,2026-02-01,Efectivo contraentrega,2282.45,Pagado
267,PG00267,267,2026-05-13,Transferencia,0.0,Anulado
268,PG00268,268,2026-04-22,Crédito corporativo,1695.00,Pagado
269,PG00269,269,2026-01-28,Tarjeta,0.0,Anulado
270,PG00270,270,2026-05-05,Efectivo contraentrega,570.14,Pagado
271,PG00271,271,2026-02-07,Transferencia,0.0,Anulado
272,PG00272,272,2026-04-20,Crédito corporativo,0.0,Anulado
273,PG00273,273,2026-04-15,Tarjeta,1424.84,Pagado
274,PG00274,274,2026-04-18,Efectivo contraentrega,0.0,Anulado
275,PG00275,275,2026-03-06,Transferencia,0.0,Anulado
276,PG00276,276,2026-03-01,Crédito corporativo,1732.18,Pagado
277,PG00277,277,2026-02-26,Tarjeta,1167.14,Pagado
278,PG00278,278,2026-04-24,Efectivo contraentrega,723.90,Pagado
279,PG00279,279,2026-01-03,Transferencia,0.0,anulado
280,PG00280,280,2026-04-23,Crédito corporativo,2026.17,Parcial
281,PG00281,281,2026-01-21,Tarjeta,0.0,Anulado
282,PG00282,282,2026-02-25,Efectivo contraentrega,182.40,Pagado
283,PG00283,283,2026-05-23,Transferencia,0.0,Anulado
284,PG00284,284,2026-03-15,Crédito corporativo,0.0,Anulado
285,PG00285,285,2026-03-09,Tarjeta,1405.60,Pagado
286,PG00286,286,2026-05-03,Efectivo contraentrega,0.0,Anulado
287,PG00287,287,2026-02-26,Transferencia,323.00,Pagado
288,PG00288,288,2026-06-15,Crédito corporativo,900.04,Pagado
289,PG00289,289,2026-02-24,Tarjeta,14.44,Pagado
290,PG00290,290,2026-02-07,Efectivo contraentrega,541.42,Pagado
291,PG00291,291,2026-04-10,Transferencia,0.0,Anulado
292,PG00292,292,2026-05-04,Crédito corporativo,625.2,Parcial
293,PG00293,293,2026-02-28,Tarjeta,0.0,Anulado
294,PG00294,294,2026-05-27,Efectivo contraentrega,0.0,Anulado
295,PG00295,295,2026-05-08,Transferencia,2839.1,Pagado
296,PG00296,296,2026-02-16,Crédito corporativo,0.0,Anulado
297,PG00297,297,2026-06-19,Tarjeta,498.04,Pagado
298,PG00298,298,2026-05-13,Efectivo contraentrega,219.68,Parcial
299,PG00299,299,2026-06-22,Transferencia,260.20,Pagado
300,PG00300,300,2026-03-14,Crédito corporativo,1053.03,Pagado
301,PG00301,301,2026-02-16,Tarjeta,1598.41,Pagado
302,PG00302,302,2026-05-11,Efectivo contraentrega,0.0,anulado
303,PG00303,303,2026-03-10,Transferencia,166.40,Pagado
304,PG00304,304,2026-04-21,Crédito corporativo,3147.89,pagado
305,PG00305,305,2026-04-13,Tarjeta,1628.72,Pagado
306,PG00306,306,2026-06-10,Efectivo contraentrega,1596.39,Pagado
307,PG00307,307,2026-04-10,Transferencia,640.97,Parcial
308,PG00308,308,2026-02-17,Crédito corporativo,2154.74,Parcial
309,PG00309,309,2026-01-14,Tarjeta,974.22,Pagado
310,PG00310,310,2026-04-22,Efectivo contraentrega,0.0,Anulado
311,PG00311,311,2026-06-20,Transferencia,0.0,Anulado
312,PG00312,312,2026-06-10,Crédito corporativo,1118.98,Pagado
313,PG00313,313,2026-01-14,Tarjeta,57.60,Pagado
314,PG00314,314,2026-01-21,Efectivo contraentrega,2317.74,Pagado
315,PG00315,315,2026-04-18,Transferencia,1859.35,Pagado
316,PG00316,316,2026-04-11,Crédito corporativo,0.0,Anulado
317,PG00317,317,2026-04-13,Tarjeta,0.0,Anulado
318,PG00318,318,2026-02-28,Efectivo contraentrega,8.00,Pagado
319,PG00319,319,2026-05-21,Transferencia,0.0,Anulado
320,PG00320,320,2026-02-09,Crédito corporativo,4301.69,Parcial
321,PG00321,321,2026-06-09,Tarjeta,497.80,Pagado
322,PG00322,322,2026-03-25,Efectivo contraentrega,0.0,Anulado
323,PG00323,323,2026-06-22,Transferencia,1312.83,Pagado
324,PG00324,324,2026-04-22,Crédito corporativo,0.0,Anulado
325,PG00325,325,2026-06-01,Tarjeta,0.0,Anulado
326,PG00326,326,2026-03-16,Efectivo contraentrega,0.0,Anulado
327,PG00327,327,2026-01-20,Transferencia,158.21,Pagado
328,PG00328,328,2026-03-21,Crédito corporativo,960.00,Pagado
329,PG00329,329,2026-02-14,Tarjeta,375.92,Parcial
330,PG00330,330,2026-05-11,Efectivo contraentrega,701.67,Pagado
331,PG00331,331,2026-01-25,Transferencia,1299.61,Pagado
332,PG00332,332,2026-01-15,Crédito corporativo,1735.35,Parcial
333,PG00333,333,2026-03-07,Tarjeta,1586.50,Pagado
334,PG00334,334,2026-01-25,Efectivo contraentrega,3708.22,Pagado
335,PG00335,335,2026-01-09,Transferencia,0.0,Anulado
336,PG00336,336,2026-06-15,Crédito corporativo,482.18,Pagado
337,PG00337,337,2026-01-10,Tarjeta,261.60,Pagado
338,PG00338,338,2026-05-16,Efectivo contraentrega,1164.50,Pagado
339,PG00339,339,2026-05-28,Transferencia,1303.80,Pagado
340,PG00340,340,2026-06-18,Crédito corporativo,3537.20,Pagado
341,PG00341,341,2026-02-11,Tarjeta,0.0,Anulado
342,PG00342,342,2026-03-13,Efectivo contraentrega,253.05,Parcial
343,PG00343,343,2026-02-14,Transferencia,335.56,Pagado
344,PG00344,344,2026-04-20,Crédito corporativo,204.00,Pagado
345,PG00345,345,2026-03-20,Tarjeta,3506.45,pagado
346,PG00346,346,2026-06-21,Efectivo contraentrega,100.80,Pagado
347,PG00347,347,2026-05-24,Transferencia,19.39,Pagado
348,PG00348,348,,Crédito corporativo,0.0,Anulado
349,PG00349,349,2026-04-04,Tarjeta,223.15,Pagado
350,PG00350,350,2026-06-11,Efectivo contraentrega,718.76,Pagado
351,PG00351,351,2026-03-02,Transferencia,0.0,Anulado
352,PG00352,352,2026-04-01,Crédito corporativo,175.00,Pagado
353,PG00353,353,2026-01-26,Tarjeta,1335.70,Pagado
354,PG00354,354,2026-05-05,Efectivo contraentrega,5240.11,Pagado
355,PG00355,355,2026-03-13,Transferencia,1047.27,Pagado
356,PG00356,356,2026-05-07,Crédito corporativo,516.62,Pagado
357,PG00357,357,2025-12-03,Tarjeta,0.0,Anulado
358,PG00358,358,2026-06-06,Efectivo contraentrega,408.34,Pagado
359,PG00359,359,2026-03-09,Transferencia,1458.62,Pagado
360,PG00360,360,2026-04-04,Crédito corporativo,1242.13,Parcial
361,PG00361,361,2026-05-14,Tarjeta,0.0,Anulado
362,PG00362,362,2026-01-02,Efectivo contraentrega,105.60,Pagado
363,PG00363,363,2026-04-21,Transferencia,452.76,Pagado
364,PG00364,364,2026-06-15,Crédito corporativo,2208.25,Pagado
365,PG00365,365,2026-02-11,Tarjeta,4091.13,Pagado
366,PG00366,366,2026-01-12,Efectivo contraentrega,501.61,Pagado
367,PG00367,367,2025-12-10,Transferencia,1684.25,Pagado
368,PG00368,368,2026-01-04,Crédito corporativo,0.0,anulado
369,PG00369,369,2026-05-11,Tarjeta,952.44,Pagado
370,PG00370,370,2026-06-19,Efectivo contraentrega,0.0,Anulado
371,PG00371,371,2026-03-13,Transferencia,696.75,Pagado
372,PG00372,372,2026-06-07,Crédito corporativo,48.00,Pagado
373,PG00373,373,2026-06-18,Tarjeta,1634.16,Parcial
374,PG00374,374,2026-04-08,Efectivo contraentrega,0.0,Anulado
375,PG00375,375,2026-02-27,Transferencia,589.56,Pagado
376,PG00376,376,2026-04-06,Crédito corporativo,1018.04,Pagado
377,PG00377,377,2026-04-02,Tarjeta,1629.29,Parcial
378,PG00378,378,2026-05-26,Efectivo contraentrega,78.22,Pagado
379,PG00379,379,2026-04-15,Transferencia,175.00,Pagado
380,PG00380,380,2025-12-09,Crédito corporativo,423.35,Pagado
381,PG00381,381,2026-01-18,Tarjeta,142.75,Pagado
382,PG00382,382,2026-01-26,Efectivo contraentrega,220.00,Pagado
383,PG00383,383,2026-02-20,Transferencia,139.32,Pagado
384,PG00384,384,2026-01-22,Crédito corporativo,960.00,Pagado
385,PG00385,385,2026-05-15,Tarjeta,9036.53,Pagado
386,PG00386,386,2026-02-28,Efectivo contraentrega,469.80,Pagado
387,PG00387,387,2026-02-25,Transferencia,0.0,Anulado
388,PG00388,388,2026-03-23,Crédito corporativo,3413.75,Pagado
389,PG00389,389,2026-03-10,Tarjeta,222.48,Pagado
390,PG00390,390,2026-06-07,Efectivo contraentrega,0.0,Anulado
391,PG00391,391,2026-02-02,Transferencia,5222.64,Pagado
392,PG00392,392,2026-04-11,Crédito corporativo,0.0,Anulado
393,PG00393,393,2026-02-23,Tarjeta,0.0,Anulado
394,PG00394,394,2026-03-01,Efectivo contraentrega,0.0,Anulado
395,PG00395,395,2026-04-10,Transferencia,0.0,Anulado
396,PG00396,396,2026-02-25,Crédito corporativo,366.14,Pagado
397,PG00397,397,2026-02-06,Tarjeta,528.20,Pagado
398,PG00398,398,2026-02-02,Efectivo contraentrega,716.70,Pagado
399,PG00399,399,2026-04-17,Transferencia,764.0,Parcial
400,PG00400,400,2026-05-11,Crédito corporativo,1404.45,Pagado
401,PG00401,401,2026-04-20,Tarjeta,0.0,Anulado
402,PG00402,402,2026-04-20,Efectivo contraentrega,1004.36,Pagado
403,PG00403,403,2026-06-11,Transferencia,600.32,Pagado
404,PG00404,404,2026-01-01,Crédito corporativo,0.0,Anulado
405,PG00405,405,2026-03-26,Tarjeta,84.10,Pagado
406,PG00406,406,2026-03-20,Efectivo contraentrega,722.44,Pagado
407,PG00407,407,2026-01-13,Transferencia,260.00,Pagado
408,PG00408,408,2026-05-13,Crédito corporativo,272.28,Pagado
409,PG00409,409,2026-05-20,Tarjeta,2730.29,Pagado
410,PG00410,410,2026-05-13,Efectivo contraentrega,2452.49,Parcial
411,PG00411,411,2026-06-01,Transferencia,869.50,Pagado
412,PG00412,412,2026-05-08,Crédito corporativo,973.57,Pagado
413,PG00413,413,2026-06-10,Tarjeta,0.0,Anulado
414,PG00414,414,2026-01-13,Efectivo contraentrega,40.00,Pagado
415,PG00415,415,2026-06-18,Transferencia,1272.18,Pagado
416,PG00416,416,2026-05-13,Crédito corporativo,0.0,Anulado
417,PG00417,417,2026-01-06,Tarjeta,391.10,Pagado
418,PG00418,418,2026-05-24,Efectivo contraentrega,3168.67,Pagado
419,PG00419,419,2026-06-27,Transferencia,0.0,Anulado
420,PG00420,420,2026-04-25,Crédito corporativo,530.64,Pagado
421,PG00421,421,2026-02-24,Tarjeta,569.65,Pagado
422,PG00422,422,2026-03-06,Efectivo contraentrega,576.58,Pagado
423,PG00423,423,2026-02-25,Transferencia,0.0,Anulado
424,PG00424,424,2026-01-19,Crédito corporativo,1703.34,Pagado
425,PG00425,425,2026-02-06,Tarjeta,0.0,anulado
426,PG00426,426,2026-05-08,Efectivo contraentrega,0.0,Anulado
427,PG00427,427,2026-03-11,Transferencia,659.80,Pagado
428,PG00428,428,2026-03-15,Crédito corporativo,1959.35,Pagado
429,PG00429,429,2026-02-08,Tarjeta,596.93,Pagado
430,PG00430,430,2026-02-19,Efectivo contraentrega,63.91,Pagado
431,PG00431,431,2026-03-20,Transferencia,182.21,Pagado
432,PG00432,432,2026-06-10,Crédito corporativo,751.24,Pagado
433,PG00433,433,2026-04-06,Tarjeta,1539.26,Pagado
434,PG00434,434,2026-02-21,Efectivo contraentrega,192.00,Pagado
435,PG00435,435,2026-01-05,Transferencia,846.33,Pagado
436,PG00436,436,2026-01-08,Crédito corporativo,0.0,Anulado
437,PG00437,437,,Tarjeta,418.40,Pagado
438,PG00438,438,2025-12-13,Efectivo contraentrega,1468.88,Pagado
439,PG00439,439,2025-12-20,Transferencia,2777.79,Pagado
440,PG00440,440,2026-01-06,Crédito corporativo,1278.3,Pagado
441,PG00441,441,2026-02-13,Tarjeta,876.81,Pagado
442,PG00442,442,2026-05-24,Efectivo contraentrega,2322.74,Pagado
443,PG00443,443,2026-06-26,Transferencia,40.00,Pagado
444,PG00444,444,2026-02-25,Crédito corporativo,1920.00,Pagado
445,PG00445,445,2026-01-27,Tarjeta,1984.50,Pagado
446,PG00446,446,2026-04-14,Efectivo contraentrega,417.90,Pagado
447,PG00447,447,2026-01-01,Transferencia,0.0,Anulado
448,PG00448,448,2026-01-18,Crédito corporativo,3429.21,Pagado
449,PG00449,449,2026-03-09,Tarjeta,1875.24,Pagado
450,PG00450,450,2026-03-03,Efectivo contraentrega,844.22,Pagado
451,PG00451,451,2026-05-12,Transferencia,1757.10,Pagado
452,PG00452,452,2026-06-12,Crédito corporativo,0.0,anulado
453,PG00453,453,2026-02-01,Tarjeta,1489.35,Pagado
454,PG00454,454,2026-02-07,Efectivo contraentrega,2791.17,Pagado
455,PG00455,455,2026-05-13,Transferencia,601.8,Parcial
456,PG00456,456,2026-06-25,Crédito corporativo,1687.22,Pagado
457,PG00457,457,2026-03-05,Tarjeta,3004.43,Pagado
458,PG00458,458,2026-03-19,Efectivo contraentrega,1234.82,Pagado
459,PG00459,459,2025-12-03,Transferencia,1186.23,Pagado
460,PG00460,460,2026-01-07,Crédito corporativo,1174.23,Pagado
461,PG00461,461,2026-03-19,Tarjeta,0.0,Anulado
462,PG00462,462,2026-05-03,Efectivo contraentrega,0.0,Anulado
463,PG00463,463,2026-02-24,Transferencia,127.82,Pagado
464,PG00464,464,2026-01-15,Crédito corporativo,0.0,Anulado
465,PG00465,465,2026-01-07,Tarjeta,2175.05,Pagado
466,PG00466,466,2026-06-04,Efectivo contraentrega,2501.74,Parcial
467,PG00467,467,2026-01-27,Transferencia,0.0,Anulado
468,PG00468,468,2026-02-17,Crédito corporativo,105.60,Pagado
469,PG00469,469,2026-04-10,Tarjeta,135.00,Pagado
470,PG00470,470,2026-03-08,Efectivo contraentrega,148.80,Pagado
471,PG00471,471,2026-03-18,Transferencia,0.0,Anulado
472,PG00472,472,2026-05-12,Crédito corporativo,648.43,Pagado
473,PG00473,473,2026-04-10,Tarjeta,386.70,Pagado
474,PG00474,474,2026-05-06,Efectivo contraentrega,1150.53,Pagado
475,PG00475,475,2026-05-25,Transferencia,833.48,Pagado
476,PG00476,476,2026-01-23,Crédito corporativo,1089.66,Pagado
477,PG00477,477,2026-02-09,Tarjeta,1626.78,Pagado
478,PG00478,478,2026-05-03,Efectivo contraentrega,1309.93,Parcial
479,PG00479,479,2026-05-12,Transferencia,1403.19,Pagado
480,PG00480,480,2026-06-16,Crédito corporativo,3141.21,Pagado
481,PG00481,481,2026-06-25,Tarjeta,1285.35,Pagado
482,PG00482,482,2026-05-04,Efectivo contraentrega,1053.75,Pagado
483,PG00483,483,2026-06-19,Transferencia,2555.85,Pagado
484,PG00484,484,2026-02-02,Crédito corporativo,1101.71,Pagado
485,PG00485,485,2026-04-25,Tarjeta,0.0,Anulado
486,PG00486,486,2026-02-01,Efectivo contraentrega,411.40,Pagado
487,PG00487,487,2026-04-04,Transferencia,0.0,Anulado
488,PG00488,488,2026-03-27,Crédito corporativo,4156.30,Pagado
489,PG00489,489,2026-02-25,Tarjeta,0.0,Anulado
490,PG00490,490,2026-02-05,Efectivo contraentrega,1389.98,Pagado
491,PG00491,491,2026-06-06,Transferencia,1480.43,Pagado
492,PG00492,492,2026-04-23,Crédito corporativo,4088.00,Pagado
493,PG00493,493,2026-02-13,Tarjeta,626.16,Pagado
494,PG00494,494,2026-03-13,Efectivo contraentrega,49.60,Pagado
495,PG00495,495,2026-04-09,Transferencia,789.66,Parcial
496,PG00496,496,2026-03-19,Crédito corporativo,2669.03,Parcial
497,PG00497,497,,Tarjeta,1626.7,Parcial
498,PG00498,498,2026-06-25,Efectivo contraentrega,0.0,Anulado
499,PG00499,499,,Transferencia,0.0,Anulado
500,PG00500,500,2026-01-08,Crédito corporativo,2056.00,Pagado
501,PG00501,501,2026-05-15,Tarjeta,3171.16,Pagado
502,PG00502,502,2026-03-16,Efectivo contraentrega,675.09,Parcial
503,PG00503,503,2026-02-13,Transferencia,3423.04,pagado
504,PG00504,504,2026-06-28,Crédito corporativo,0.0,Anulado
505,PG00505,505,2026-03-09,Tarjeta,2891.67,Pagado
506,PG00506,506,2026-03-01,Efectivo contraentrega,2171.67,Pagado
507,PG00507,507,2026-03-15,Transferencia,0.0,Anulado
508,PG00508,508,2026-05-23,Crédito corporativo,2554.07,Pagado
509,PG00509,509,2026-03-24,Tarjeta,220.56,Pagado
510,PG00510,510,2026-04-09,Efectivo contraentrega,998.86,Pagado
511,PG00511,511,2026-02-10,Transferencia,0.0,anulado
512,PG00512,512,2026-03-03,Crédito corporativo,3807.60,Pagado
513,PG00513,513,2026-05-13,Tarjeta,0.0,Anulado
514,PG00514,514,2026-05-17,Efectivo contraentrega,1809.84,Pagado
515,PG00515,515,2026-04-02,Transferencia,477.24,Parcial
516,PG00516,516,2026-05-10,Crédito corporativo,814.96,Pagado
517,PG00517,517,2026-04-13,Tarjeta,866.10,Pagado
518,PG00518,518,2026-06-14,Efectivo contraentrega,1730.18,Pagado
519,PG00519,519,2026-03-02,Transferencia,3179.56,Pagado
520,PG00520,520,2026-05-09,Crédito corporativo,36.00,Pagado
521,PG00521,521,2026-01-14,Tarjeta,0.0,Anulado
522,PG00522,522,2026-05-11,Efectivo contraentrega,335.89,Parcial
523,PG00523,523,2026-03-03,Transferencia,0.0,Anulado
524,PG00524,524,2026-03-03,Crédito corporativo,0.0,Anulado
525,PG00525,525,2026-02-27,Tarjeta,0.0,Anulado
526,PG00526,526,2026-05-19,Efectivo contraentrega,974.40,Pagado
527,PG00527,527,2026-03-02,Transferencia,0.0,Anulado
528,PG00528,528,2026-01-26,Crédito corporativo,773.40,Pagado
529,PG00529,529,2026-05-02,Tarjeta,1038.25,Pagado
530,PG00530,530,2026-05-15,Efectivo contraentrega,1262.16,Pagado
531,PG00531,531,2026-01-15,Transferencia,479.75,Pagado
532,PG00532,532,2026-04-03,Crédito corporativo,0.0,Anulado
533,PG00533,533,2026-05-03,Tarjeta,1060.50,Pagado
534,PG00534,534,2026-04-20,Efectivo contraentrega,94.88,Parcial
535,PG00535,535,2026-06-05,Transferencia,1943.75,Pagado
536,PG00536,536,2026-02-01,Crédito corporativo,0.0,anulado
537,PG00537,537,2026-06-10,Tarjeta,231.95,Pagado
538,PG00538,538,2026-05-10,Efectivo contraentrega,0.0,Anulado
539,PG00539,539,2026-05-27,Transferencia,659.46,Pagado
540,PG00540,540,2026-06-11,Crédito corporativo,0.0,Anulado
541,PG00541,541,2026-04-03,Tarjeta,5664.96,Pagado
542,PG00542,542,2026-05-12,Efectivo contraentrega,0.0,Anulado
543,PG00543,543,2026-01-11,Transferencia,532.02,Parcial
544,PG00544,544,2026-05-07,Crédito corporativo,3050.02,Pagado
545,PG00545,545,,Tarjeta,702.97,parcial
546,PG00546,546,2026-04-22,Efectivo contraentrega,2517.73,Parcial
547,PG00547,547,2026-05-08,Transferencia,1815.17,Pagado
548,PG00548,548,2026-03-14,Crédito corporativo,0.0,Anulado
549,PG00549,549,2026-02-23,Tarjeta,570.00,Pagado
550,PG00550,550,2026-04-16,Efectivo contraentrega,251.09,Pagado
551,PG00551,551,2026-03-26,Transferencia,0.0,Anulado
552,PG00552,552,2026-04-08,Crédito corporativo,637.27,Pagado
553,PG00553,553,2026-05-06,Tarjeta,0.0,Anulado
554,PG00554,554,2026-05-07,Efectivo contraentrega,156.95,Pagado
555,PG00555,555,2026-02-26,Transferencia,782.58,Parcial
556,PG00556,556,2026-03-11,Crédito corporativo,0.0,Anulado
557,PG00557,557,2026-06-22,Tarjeta,1183.71,Pagado
558,PG00558,558,2026-03-01,Efectivo contraentrega,1604.50,Pagado
559,PG00559,559,2026-06-15,Transferencia,2774.63,Pagado
560,PG00560,560,2026-02-05,Crédito corporativo,1884.12,Pagado
561,PG00561,561,2026-02-08,Tarjeta,284.00,Pagado
562,PG00562,562,2026-04-17,Efectivo contraentrega,180.80,Pagado
563,PG00563,563,2026-02-13,Transferencia,1261.61,Parcial
564,PG00564,564,2026-06-16,Crédito corporativo,0.0,Anulado
565,PG00565,565,2026-01-11,Tarjeta,753.27,Pagado
566,PG00566,566,2026-05-11,Efectivo contraentrega,777.79,Pagado
567,PG00567,567,2026-06-26,Transferencia,2441.64,Pagado
568,PG00568,568,2026-02-10,Crédito corporativo,1005.13,Parcial
569,PG00569,569,2026-01-27,Tarjeta,0.0,Anulado
570,PG00570,570,2026-02-26,Efectivo contraentrega,3038.40,Pagado
571,PG00571,571,2026-05-06,Transferencia,2080.00,Pagado
572,PG00572,572,2026-05-14,Crédito corporativo,1508.67,Pagado
573,PG00573,573,2026-04-18,Tarjeta,4150.44,Pagado
574,PG00574,574,2026-03-23,Efectivo contraentrega,0.0,Anulado
575,PG00575,575,2026-03-04,Transferencia,0.0,Anulado
576,PG00576,576,2025-12-05,Crédito corporativo,631.54,Pagado
577,PG00577,577,2026-05-07,Tarjeta,3411.86,Parcial
578,PG00578,578,2026-06-02,Efectivo contraentrega,1355.67,Pagado
579,PG00579,579,2026-03-22,Transferencia,2355.71,Pagado
580,PG00580,580,2026-02-07,Crédito corporativo,1098.42,Pagado
581,PG00581,581,2026-01-20,Tarjeta,1534.15,Pagado
582,PG00582,582,2026-01-04,Efectivo contraentrega,0.0,Anulado
583,PG00583,583,2026-05-12,Transferencia,0.0,Anulado
584,PG00584,584,2026-03-19,Crédito corporativo,2515.15,Pagado
585,PG00585,585,2026-05-19,Tarjeta,0.0,Anulado
586,PG00586,586,,Efectivo contraentrega,1678.15,Pagado
587,PG00587,587,2026-01-01,Transferencia,270.00,Pagado
588,PG00588,588,2026-02-21,Crédito corporativo,220.00,Pagado
589,PG00589,589,2026-01-07,Tarjeta,1307.52,Pagado
590,PG00590,590,2026-04-01,Efectivo contraentrega,352.00,Pagado
591,PG00591,591,2026-02-08,Transferencia,0.0,Anulado
592,PG00592,592,2026-06-08,Crédito corporativo,72.20,Pagado
593,PG00593,593,,Tarjeta,192.30,Pagado
594,PG00594,594,2026-01-12,Efectivo contraentrega,0.0,anulado
595,PG00595,595,2026-02-26,Transferencia,187.32,Pagado
596,PG00596,596,2026-02-16,Crédito corporativo,0.0,Anulado
597,PG00597,597,2026-02-02,Tarjeta,1338.42,Pagado
598,PG00598,598,2026-04-18,Efectivo contraentrega,1815.92,Pagado
599,PG00599,599,2026-05-20,Transferencia,1332.25,Pagado
600,PG00600,600,2026-01-20,Crédito corporativo,2034.80,Pagado
601,PG00601,601,2026-03-09,Tarjeta,284.52,Pagado
602,PG00602,602,2026-05-08,Efectivo contraentrega,0.0,Anulado
603,PG00603,603,2026-05-14,Transferencia,2916.02,pagado
604,PG00604,604,2026-01-02,Crédito corporativo,470.08,Pagado
605,PG00605,605,2026-06-12,Tarjeta,2446.88,Pagado
606,PG00606,606,2026-05-03,Efectivo contraentrega,0.0,Anulado
607,PG00607,607,2026-03-04,Transferencia,0.0,Anulado
608,PG00608,608,2026-06-26,Crédito corporativo,827.18,Pagado
609,PG00609,609,2026-04-20,Tarjeta,829.12,Parcial
610,PG00610,610,2026-04-24,Efectivo contraentrega,270.00,Pagado
611,PG00611,611,2026-03-27,Transferencia,742.68,Pagado
612,PG00612,612,2026-04-22,Crédito corporativo,0.0,Anulado
613,PG00613,613,2026-02-13,Tarjeta,0.0,Anulado
614,PG00614,614,2026-04-19,Efectivo contraentrega,1707.13,pagado
615,PG00615,615,2026-06-16,Transferencia,3098.71,Pagado
616,PG00616,616,2026-04-08,Crédito corporativo,303.73,Pagado
617,PG00617,617,2026-06-24,Tarjeta,0.0,Anulado
618,PG00618,618,2026-01-27,Efectivo contraentrega,240.00,Pagado
619,PG00619,619,2026-01-16,Transferencia,614.83,Pagado
620,PG00620,620,2026-03-15,Crédito corporativo,0.0,Anulado
621,PG00621,621,2026-04-15,Tarjeta,3254.52,Pagado
622,PG00622,622,2026-02-02,Efectivo contraentrega,0.0,Anulado
623,PG00623,623,2026-04-26,Transferencia,1600.00,Pagado
624,PG00624,624,2026-01-03,Crédito corporativo,2083.02,Pagado
625,PG00625,625,2026-04-09,Tarjeta,1322.10,Pagado
626,PG00626,626,,Efectivo contraentrega,2418.68,Pagado
627,PG00627,627,2026-05-22,Transferencia,105.00,Pagado
628,PG00628,628,2026-05-05,Crédito corporativo,81.60,Pagado
629,PG00629,629,2026-04-12,Tarjeta,657.83,Pagado
630,PG00630,630,2026-02-10,Efectivo contraentrega,306.89,Pagado
631,PG00631,631,2026-05-08,Transferencia,96.00,Pagado
632,PG00632,632,2026-04-04,Crédito corporativo,177.60,Pagado
633,PG00633,633,2026-01-09,Tarjeta,355.25,Pagado
634,PG00634,634,2026-04-11,Efectivo contraentrega,109.86,Pagado
635,PG00635,635,2026-01-19,Transferencia,560.50,Pagado
636,PG00636,636,2026-01-26,Crédito corporativo,1374.06,Pagado
637,PG00637,637,2026-03-20,Tarjeta,0.0,Anulado
638,PG00638,638,2026-02-22,Efectivo contraentrega,1620.10,Pagado
639,PG00639,639,2026-03-28,Transferencia,0.0,Anulado
640,PG00640,640,2026-02-10,Crédito corporativo,0.0,Anulado
641,PG00641,641,2026-03-11,Tarjeta,0.0,Anulado
642,PG00642,642,2026-03-25,Efectivo contraentrega,0.0,Anulado
643,PG00643,643,2026-03-05,Transferencia,1114.71,Pagado
644,PG00644,644,2026-06-06,Crédito corporativo,306.76,Pagado
645,PG00645,645,2026-05-13,Tarjeta,654.02,Parcial
646,PG00646,646,2026-02-05,Efectivo contraentrega,2165.55,Pagado
647,PG00647,647,2026-05-23,Transferencia,285.00,Pagado
648,PG00648,648,2026-05-24,Crédito corporativo,383.46,Pagado
649,PG00649,649,2026-06-26,Tarjeta,2630.93,Pagado
650,PG00650,650,2026-02-21,Efectivo contraentrega,459.74,Pagado
651,PG00651,651,2026-01-13,Transferencia,397.81,Pagado
652,PG00652,652,2026-04-07,Crédito corporativo,3082.20,Pagado
653,PG00653,653,2026-02-09,Tarjeta,1653.27,Pagado
654,PG00654,654,2026-02-08,Efectivo contraentrega,2988.72,Pagado
655,PG00655,655,2026-01-03,Transferencia,516.30,Pagado
656,PG00656,656,2026-04-11,Crédito corporativo,0.0,Anulado
657,PG00657,657,2026-03-15,Tarjeta,1871.30,Pagado
658,PG00658,658,2026-03-11,Efectivo contraentrega,889.64,Pagado
659,PG00659,659,2026-04-11,Transferencia,763.46,Pagado
660,PG00660,660,2026-01-28,Crédito corporativo,1886.82,Parcial
661,PG00661,661,2026-03-23,Tarjeta,3078.18,pagado
662,PG00662,662,2026-03-23,Efectivo contraentrega,2218.55,Pagado
663,PG00663,663,2026-05-27,Transferencia,879.03,Pagado
664,PG00664,664,2026-04-13,Crédito corporativo,130.25,Pagado
665,PG00665,665,2026-03-28,Tarjeta,1506.54,Pagado
666,PG00666,666,2026-01-10,Efectivo contraentrega,165.00,Pagado
667,PG00667,667,2026-01-04,Transferencia,960.00,Pagado
668,PG00668,668,2026-01-09,Crédito corporativo,0.0,Anulado
669,PG00669,669,2026-04-19,Tarjeta,2732.61,Parcial
670,PG00670,670,2026-04-13,Efectivo contraentrega,0.0,Anulado
671,PG00671,671,2026-02-27,Transferencia,26.05,Pagado
672,PG00672,672,2026-03-15,Crédito corporativo,1725.13,Pagado
673,PG00673,673,2026-03-15,Tarjeta,1118.64,Pagado
674,PG00674,674,2026-05-09,Efectivo contraentrega,0.0,Anulado
675,PG00675,675,2026-01-20,Transferencia,349.20,Pagado
676,PG00676,676,2026-01-14,Crédito corporativo,0.0,Anulado
677,PG00677,677,2026-06-27,Tarjeta,1488.09,Pagado
678,PG00678,678,2026-06-21,Efectivo contraentrega,0.0,Anulado
679,PG00679,679,2026-01-06,Transferencia,1009.12,Pagado
680,PG00680,680,2026-03-11,Crédito corporativo,0.0,Anulado
681,PG00681,681,2026-05-19,Tarjeta,40.00,Pagado
682,PG00682,682,2026-03-12,Efectivo contraentrega,3092.06,Pagado
683,PG00683,683,2026-05-02,Transferencia,21.50,Pagado
684,PG00684,684,2026-04-25,Crédito corporativo,4166.30,Pagado
685,PG00685,685,2026-05-26,Tarjeta,1082.79,Parcial
686,PG00686,686,2026-01-22,Efectivo contraentrega,0.0,Anulado
687,PG00687,687,2026-04-07,Transferencia,2193.90,Pagado
688,PG00688,688,2026-06-17,Crédito corporativo,2263.57,Parcial
689,PG00689,689,2026-02-23,Tarjeta,640.04,Pagado
690,PG00690,690,2026-04-04,Efectivo contraentrega,1716.54,Pagado
691,PG00691,691,2026-06-05,Transferencia,876.42,Pagado
692,PG00692,692,2026-05-10,Crédito corporativo,0.0,Anulado
693,PG00693,693,2026-02-21,Tarjeta,225.60,Pagado
694,PG00694,694,2026-04-23,Efectivo contraentrega,1408.01,Pagado
695,PG00695,695,2026-05-10,Transferencia,497.40,Pagado
696,PG00696,696,2026-04-11,Crédito corporativo,881.61,Parcial
697,PG00697,697,2026-01-18,Tarjeta,1770.00,Pagado
698,PG00698,698,2026-03-12,Efectivo contraentrega,640.00,Pagado
699,PG00699,699,2026-02-13,Transferencia,510.25,Pagado
700,PG00700,700,2026-06-10,Crédito corporativo,119.24,Pagado
701,PG00701,701,2026-01-14,Tarjeta,645.63,Pagado
702,PG00702,702,2026-01-14,Efectivo contraentrega,1441.24,Pagado
703,PG00703,703,2026-03-19,Transferencia,225.00,Pagado
704,PG00704,704,2026-05-07,Crédito corporativo,527.46,Pagado
705,PG00705,705,2026-01-16,Tarjeta,484.62,Pagado
706,PG00706,706,2026-03-18,Efectivo contraentrega,1588.88,Pagado
707,PG00707,707,2026-01-16,Transferencia,798.76,Pagado
708,PG00708,708,2026-02-02,Crédito corporativo,285.00,Pagado
709,PG00709,709,2026-06-03,Tarjeta,4970.81,Pagado
710,PG00710,710,2026-04-08,Efectivo contraentrega,2258.66,Pagado
711,PG00711,711,2026-02-14,Transferencia,0.0,Anulado
712,PG00712,712,2026-01-25,Crédito corporativo,60.00,Pagado
713,PG00713,713,2026-06-06,Tarjeta,1015.61,Pagado
714,PG00714,714,2026-01-10,Efectivo contraentrega,995.04,Pagado
715,PG00715,715,2026-01-05,Transferencia,1236.95,Pagado
716,PG00716,716,2026-04-03,Crédito corporativo,3062.32,Pagado
717,PG00717,717,2026-05-18,Tarjeta,2383.32,Parcial
718,PG00718,718,2026-06-01,Efectivo contraentrega,0.0,Anulado
719,PG00719,719,2026-04-28,Transferencia,0.0,Anulado
720,PG00720,720,2026-01-22,Crédito corporativo,394.53,Parcial
721,PG00721,721,2026-02-19,Tarjeta,0.0,Anulado
722,PG00722,722,2026-02-10,Efectivo contraentrega,0.0,Anulado
723,PG00723,723,2026-02-22,Transferencia,4314.63,Pagado
724,PG00724,724,2026-03-13,Crédito corporativo,0.0,Anulado
725,PG00725,725,2026-05-02,Tarjeta,1169.90,Pagado
726,PG00726,726,2026-02-25,Efectivo contraentrega,3128.05,Pagado
727,PG00727,727,2026-06-25,Transferencia,2673.04,Pagado
728,PG00728,728,2026-04-24,Crédito corporativo,0.0,Anulado
729,PG00729,729,2026-06-22,Tarjeta,3152.55,Pagado
730,PG00730,730,2026-04-20,Efectivo contraentrega,1195.26,Pagado
731,PG00731,731,2026-04-23,Transferencia,1144.77,Pagado
732,PG00732,732,2026-02-20,Crédito corporativo,81.60,Pagado
733,PG00733,733,2026-04-19,Tarjeta,1987.1,Parcial
734,PG00734,734,2026-03-25,Efectivo contraentrega,64.50,Pagado
735,PG00735,735,2026-05-02,Transferencia,934.60,Pagado
736,PG00736,736,2026-06-08,Crédito corporativo,379.42,Pagado
737,PG00737,737,2026-05-18,Tarjeta,316.42,Pagado
738,PG00738,738,2026-01-16,Efectivo contraentrega,0.0,Anulado
739,PG00739,739,2026-05-09,Transferencia,0.0,Anulado
740,PG00740,740,2026-02-07,Crédito corporativo,0.0,anulado
741,PG00741,741,2026-01-18,Tarjeta,1163.00,Pagado
742,PG00742,742,2026-02-03,Efectivo contraentrega,0.0,Anulado
743,PG00743,743,2026-05-18,Transferencia,474.63,Pagado
744,PG00744,744,2026-02-06,Crédito corporativo,0.0,Anulado
745,PG00745,745,2026-01-21,Tarjeta,1255.45,Pagado
746,PG00746,746,2026-05-21,Efectivo contraentrega,0.0,Anulado
747,PG00747,747,2026-06-13,Transferencia,0.0,Anulado
748,PG00748,748,2026-06-14,Crédito corporativo,2122.15,Pagado
749,PG00749,749,,Tarjeta,3780.75,Pagado
750,PG00750,750,2026-04-04,Efectivo contraentrega,380.00,Pagado
751,PG00751,751,2026-03-10,Transferencia,3763.58,Pagado
752,PG00752,752,2025-12-13,Crédito corporativo,175.00,Pagado
753,PG00753,753,2026-05-27,Tarjeta,1667.45,Pagado
754,PG00754,754,2026-04-13,Efectivo contraentrega,2621.35,Pagado
755,PG00755,755,2026-02-27,Transferencia,163.20,Pagado
756,PG00756,756,2026-01-07,Crédito corporativo,2449.32,Pagado
757,PG00757,757,2026-01-21,Tarjeta,317.80,Pagado
758,PG00758,758,2026-02-20,Efectivo contraentrega,861.60,Pagado
759,PG00759,759,2026-06-21,Transferencia,3981.34,Pagado
760,PG00760,760,2026-05-08,Crédito corporativo,0.0,Anulado
761,PG00761,761,2026-04-13,Tarjeta,682.92,Pagado
762,PG00762,762,2026-01-16,Efectivo contraentrega,575.46,Pagado
763,PG00763,763,2026-04-06,Transferencia,3268.09,Pagado
764,PG00764,764,2026-05-23,Crédito corporativo,156.30,Pagado
765,PG00765,765,2026-04-28,Tarjeta,1759.97,Parcial
766,PG00766,766,2026-06-21,Efectivo contraentrega,505.00,Pagado
767,PG00767,767,2026-06-16,Transferencia,2393.00,Pagado
768,PG00768,768,2026-04-07,Crédito corporativo,0.0,Anulado
769,PG00769,769,2026-02-12,Tarjeta,0.0,Anulado
770,PG00770,770,2026-05-17,Efectivo contraentrega,190.00,Pagado
771,PG00771,771,2026-04-23,Transferencia,1350.06,Pagado
772,PG00772,772,2026-05-26,Crédito corporativo,1690.35,Pagado
773,PG00773,773,2026-06-16,Tarjeta,0.0,Anulado
774,PG00774,774,2026-04-17,Efectivo contraentrega,126.75,Pagado
775,PG00775,775,2026-01-03,Transferencia,0.0,Anulado
776,PG00776,776,2026-02-07,Crédito corporativo,124.39,Pagado
777,PG00777,777,2026-04-14,Tarjeta,1435.86,Pagado
778,PG00778,778,2026-04-08,Efectivo contraentrega,544.83,Pagado
779,PG00779,779,2026-04-15,Transferencia,1542.20,Pagado
780,PG00780,780,2026-06-16,Crédito corporativo,328.88,Pagado
781,PG00781,781,2026-06-22,Tarjeta,0.0,Anulado
782,PG00782,782,,Efectivo contraentrega,486.32,Pagado
783,PG00783,783,2026-03-17,Transferencia,0.0,anulado
784,PG00784,784,2026-02-25,Crédito corporativo,0.0,Anulado
785,PG00785,785,2026-04-25,Tarjeta,0.0,Anulado
786,PG00786,786,2026-03-28,Efectivo contraentrega,895.83,Pagado
787,PG00787,787,2026-02-08,Transferencia,201.84,Pagado
788,PG00788,788,2026-04-27,Crédito corporativo,189.00,Pagado
789,PG00789,789,2026-06-15,Tarjeta,201.60,Pagado
790,PG00790,790,2026-03-28,Efectivo contraentrega,0.0,anulado
791,PG00791,791,2026-06-03,Transferencia,776.10,Pagado
792,PG00792,792,2026-01-25,Crédito corporativo,459.55,Pagado
793,PG00793,793,2026-06-08,Tarjeta,0.0,Anulado
794,PG00794,794,2026-05-08,Efectivo contraentrega,2455.88,Parcial
795,PG00795,795,2026-05-06,Transferencia,180.00,Pagado
796,PG00796,796,2026-03-19,Crédito corporativo,999.60,Pagado
797,PG00797,797,2026-04-11,Tarjeta,461.60,Pagado
798,PG00798,798,2026-01-15,Efectivo contraentrega,1350.45,Pagado
799,PG00799,799,2026-06-01,Transferencia,394.05,Pagado
800,PG00800,800,2026-05-16,Crédito corporativo,71.00,Pagado
801,PG00801,801,2026-06-27,Tarjeta,316.42,Pagado
802,PG00802,802,2026-01-02,Efectivo contraentrega,253.88,Pagado
803,PG00803,803,2026-05-19,Transferencia,211.44,Pagado
804,PG00804,804,2026-06-17,Crédito corporativo,0.0,Anulado
805,PG00805,805,2026-05-01,Tarjeta,481.06,Parcial
806,PG00806,806,2026-03-12,Efectivo contraentrega,0.0,Anulado
807,PG00807,807,2026-06-14,Transferencia,240.00,Pagado
808,PG00808,808,2026-04-17,Crédito corporativo,4980.47,Pagado
809,PG00809,809,2026-01-04,Tarjeta,1461.03,Parcial
810,PG00810,810,2026-05-24,Efectivo contraentrega,1539.68,Pagado
811,PG00811,811,2026-05-13,Transferencia,0.0,Anulado
812,PG00812,812,2026-05-28,Crédito corporativo,363.04,Pagado
813,PG00813,813,2026-01-19,Tarjeta,72.00,Pagado
814,PG00814,814,2026-05-08,Efectivo contraentrega,1008.91,Pagado
815,PG00815,815,2026-06-24,Transferencia,776.54,Pagado
816,PG00816,816,2026-03-06,Crédito corporativo,0.0,Anulado
817,PG00817,817,2026-03-25,Tarjeta,2752.59,Pagado
818,PG00818,818,2026-01-02,Efectivo contraentrega,1114.65,Pagado
819,PG00819,819,2026-06-11,Transferencia,2714.07,Pagado
820,PG00820,820,2026-04-27,Crédito corporativo,465.06,Pagado
821,PG00821,821,2026-05-07,Tarjeta,1082.96,Pagado
822,PG00822,822,2026-05-25,Efectivo contraentrega,817.47,Pagado
823,PG00823,823,2026-04-14,Transferencia,1835.45,Parcial
824,PG00824,824,2026-06-03,Crédito corporativo,2573.48,Pagado
825,PG00825,825,2026-06-25,Tarjeta,64.50,Pagado
826,PG00826,826,2026-03-17,Efectivo contraentrega,240.59,Pagado
827,PG00827,827,2026-02-19,Transferencia,272.55,Pagado
828,PG00828,828,2026-02-05,Crédito corporativo,2400.00,Pagado
829,PG00829,829,2026-03-20,Tarjeta,0.0,Anulado
830,PG00830,830,2026-02-23,Efectivo contraentrega,563.70,Pagado
831,PG00831,831,2026-04-11,Transferencia,337.60,Pagado
832,PG00832,832,2026-04-17,Crédito corporativo,0.0,Anulado
833,PG00833,833,2026-02-20,Tarjeta,0.0,Anulado
834,PG00834,834,2026-03-17,Efectivo contraentrega,0.0,Anulado
835,PG00835,835,2026-03-11,Transferencia,0.0,Anulado
836,PG00836,836,2026-05-25,Crédito corporativo,614.93,Pagado
837,PG00837,837,2026-05-14,Tarjeta,243.92,Pagado
838,PG00838,838,2026-03-12,Efectivo contraentrega,4153.36,Pagado
839,PG00839,839,2026-02-14,Transferencia,7805.3,Pagado
840,PG00840,840,2026-06-22,Crédito corporativo,3400.00,Pagado
841,PG00841,841,2026-06-11,Tarjeta,0.0,Anulado
842,PG00842,842,2026-03-12,Efectivo contraentrega,355.00,Pagado
843,PG00843,843,2026-01-26,Transferencia,599.24,Pagado
844,PG00844,844,2026-03-20,Crédito corporativo,706.18,Pagado
845,PG00845,845,2026-01-03,Tarjeta,333.72,Pagado
846,PG00846,846,2026-05-03,Efectivo contraentrega,2400.00,Pagado
847,PG00847,847,2026-06-11,Transferencia,314.24,Pagado
848,PG00848,848,2026-04-23,Crédito corporativo,24.00,Pagado
849,PG00849,849,2026-06-09,Tarjeta,639.4,Parcial
850,PG00850,850,2026-03-28,Efectivo contraentrega,0.0,Anulado
851,PG00851,851,,Transferencia,622.49,Parcial
852,PG00852,852,2026-01-02,Crédito corporativo,1542.08,Pagado
853,PG00853,853,2026-02-18,Tarjeta,2681.97,Parcial
854,PG00854,854,2026-04-01,Efectivo contraentrega,202.45,Pagado
855,PG00855,855,2026-01-07,Transferencia,291.48,Pagado
856,PG00856,856,2025-12-06,Crédito corporativo,1598.14,pagado
857,PG00857,857,2026-03-14,Tarjeta,0.0,Anulado
858,PG00858,858,2026-02-15,Efectivo contraentrega,2297.44,Pagado
859,PG00859,859,2026-04-08,Transferencia,0.0,Anulado
860,PG00860,860,2026-06-08,Crédito corporativo,2234.36,parcial
861,PG00861,861,2026-03-18,Tarjeta,0.0,Anulado
862,PG00862,862,2026-01-28,Efectivo contraentrega,880.01,Pagado
863,PG00863,863,2026-03-21,Transferencia,2083.89,Pagado
864,PG00864,864,2026-05-20,Crédito corporativo,1472.88,Pagado
865,PG00865,865,2026-06-28,Tarjeta,762.80,Pagado
866,PG00866,866,2026-03-23,Efectivo contraentrega,1165.40,Pagado
867,PG00867,867,2026-01-07,Transferencia,952.88,Pagado
868,PG00868,868,2026-06-23,Crédito corporativo,2230.24,Pagado
869,PG00869,869,2026-06-12,Tarjeta,0.0,Anulado
870,PG00870,870,2026-01-15,Efectivo contraentrega,992.98,Pagado
871,PG00871,871,2026-01-17,Transferencia,2577.04,Pagado
872,PG00872,872,2026-03-10,Crédito corporativo,0.0,Anulado
873,PG00873,873,2026-04-07,Tarjeta,3053.9,pagado
874,PG00874,874,2026-02-17,Efectivo contraentrega,0.0,Anulado
875,PG00875,875,2026-05-13,Transferencia,441.76,pagado
876,PG00876,876,2026-04-01,Crédito corporativo,992.05,Pagado
877,PG00877,877,,Tarjeta,0.0,Anulado
878,PG00878,878,2026-06-28,Efectivo contraentrega,0.0,Anulado
879,PG00879,879,2026-05-22,Transferencia,2159.90,Pagado
880,PG00880,880,2026-01-19,Crédito corporativo,3034.23,Pagado
881,PG00881,881,2026-05-17,Tarjeta,1008.00,Pagado
882,PG00882,882,2026-01-06,Efectivo contraentrega,947.30,Pagado
883,PG00883,883,2026-05-07,Transferencia,706.25,Pagado
884,PG00884,884,2026-01-18,Crédito corporativo,226.73,Pagado
885,PG00885,885,2026-05-08,Tarjeta,894.55,Pagado
886,PG00886,886,2026-01-02,Efectivo contraentrega,1646.4,Pagado
887,PG00887,887,2025-12-22,Transferencia,1468.83,Pagado
888,PG00888,888,2026-01-17,Crédito corporativo,104.20,Pagado
889,PG00889,889,2026-04-20,Tarjeta,110.62,Parcial
890,PG00890,890,2026-03-28,Efectivo contraentrega,77.56,Pagado
891,PG00891,891,2026-04-03,Transferencia,893.74,Pagado
892,PG00892,892,2026-03-16,Crédito corporativo,1676.34,Pagado
893,PG00893,893,2026-04-09,Tarjeta,811.27,Parcial
894,PG00894,894,2026-04-23,Efectivo contraentrega,1177.62,Pagado
895,PG00895,895,2026-03-26,Transferencia,943.19,Pagado
896,PG00896,896,2026-05-15,Crédito corporativo,6281.55,Pagado
897,PG00897,897,2026-03-20,Tarjeta,544.56,Pagado
898,PG00898,898,2026-05-23,Efectivo contraentrega,647.89,Pagado
899,PG00899,899,2026-01-18,Transferencia,1391.24,Pagado
900,PG00900,900,2026-06-02,Crédito corporativo,0.0,Anulado
901,PG00901,901,2026-05-25,Tarjeta,3021.02,Pagado
902,PG00902,902,2026-06-20,Efectivo contraentrega,1956.75,Pagado
903,PG00903,903,2026-01-05,Transferencia,0.0,Anulado
904,PG00904,904,2026-01-16,Crédito corporativo,0.0,Anulado
905,PG00905,905,2026-02-05,Tarjeta,961.90,Pagado
906,PG00906,906,2026-05-11,Efectivo contraentrega,2650.05,Pagado
907,PG00907,907,2026-06-01,Transferencia,504.39,Pagado
908,PG00908,908,2026-03-07,Crédito corporativo,0.0,Anulado
909,PG00909,909,2026-04-18,Tarjeta,0.0,Anulado
910,PG00910,910,2026-06-11,Efectivo contraentrega,275.00,Pagado
911,PG00911,911,2026-02-25,Transferencia,0.0,Anulado
912,PG00912,912,2026-01-22,Crédito corporativo,2083.70,Pagado
913,PG00913,913,2026-03-03,Tarjeta,909.51,Pagado
914,PG00914,914,2026-06-16,Efectivo contraentrega,1889.69,Parcial
915,PG00915,915,2026-06-05,Transferencia,4476.61,Pagado
916,PG00916,916,2026-05-15,Crédito corporativo,3188.10,Pagado
917,PG00917,917,2026-01-19,Tarjeta,3782.66,Pagado
918,PG00918,918,2026-02-11,Efectivo contraentrega,1920.00,Pagado
919,PG00919,919,2026-01-08,Transferencia,2344.55,Pagado
920,PG00920,920,2026-06-04,Crédito corporativo,1208.73,Pagado
921,PG00921,921,2026-01-03,Tarjeta,2400.00,Pagado
922,PG00922,922,2026-01-04,Efectivo contraentrega,1858.71,Parcial
923,PG00923,923,2026-01-07,Transferencia,1113.73,Pagado
924,PG00924,924,2026-06-20,Crédito corporativo,1351.24,Pagado
925,PG00925,925,2026-02-28,Tarjeta,0.0,Anulado
926,PG00926,926,2026-05-12,Efectivo contraentrega,1309.36,Pagado
927,PG00927,927,2026-01-22,Transferencia,1735.85,Pagado
928,PG00928,928,2026-05-09,Crédito corporativo,2775.84,Pagado
929,PG00929,929,2026-04-21,Tarjeta,36.00,Pagado
930,PG00930,930,2026-05-04,Efectivo contraentrega,446.32,Pagado
931,PG00931,931,2026-02-16,Transferencia,3162.76,Parcial
932,PG00932,932,2026-04-15,Crédito corporativo,827.76,Pagado
933,PG00933,933,2026-05-28,Tarjeta,640.00,Pagado
934,PG00934,934,2026-04-22,Efectivo contraentrega,3149.79,pagado
935,PG00935,935,2026-02-27,Transferencia,4140.81,Parcial
936,PG00936,936,2026-04-11,Crédito corporativo,1200.26,Pagado
937,PG00937,937,2026-02-20,Tarjeta,55.00,Pagado
938,PG00938,938,2026-03-16,Efectivo contraentrega,2022.80,Pagado
939,PG00939,939,2026-03-13,Transferencia,3968.35,pagado
940,PG00940,940,2026-06-04,Crédito corporativo,2880.00,Pagado
941,PG00941,941,2026-04-18,Tarjeta,220.00,Pagado
942,PG00942,942,2026-06-22,Efectivo contraentrega,1024.96,Parcial
943,PG00943,943,2026-04-05,Transferencia,1348.04,Pagado
944,PG00944,944,2026-02-05,Crédito corporativo,693.38,Pagado
945,PG00945,945,2026-01-25,Tarjeta,945.29,Pagado
946,PG00946,946,,Efectivo contraentrega,1619.39,Pagado
947,PG00947,947,2026-05-07,Transferencia,150.75,Pagado
948,PG00948,948,2026-01-19,Crédito corporativo,1556.00,Pagado
949,PG00949,949,2026-04-22,Tarjeta,276.64,Pagado
950,PG00950,950,2026-01-25,Efectivo contraentrega,48.00,Pagado
951,PG00951,951,2026-04-23,Transferencia,1375.69,Pagado
952,PG00952,952,2026-05-28,Crédito corporativo,192.00,Pagado
953,PG00953,953,2026-05-26,Tarjeta,0.0,Anulado
954,PG00954,954,2026-02-27,Efectivo contraentrega,457.8,Parcial
955,PG00955,955,2026-03-26,Transferencia,0.0,Anulado
956,PG00956,956,2026-06-24,Crédito corporativo,3953.76,pagado
957,PG00957,957,2026-01-18,Tarjeta,0.0,Anulado
958,PG00958,958,2026-05-05,Efectivo contraentrega,2224.00,Pagado
959,PG00959,959,2026-04-08,Transferencia,112.50,Pagado
960,PG00960,960,2025-12-08,Crédito corporativo,0.0,anulado
961,PG00961,961,2026-02-24,Tarjeta,1276.32,Pagado
962,PG00962,962,2026-04-15,Efectivo contraentrega,966.94,Pagado
963,PG00963,963,2026-05-09,Transferencia,340.80,Pagado
964,PG00964,964,2026-06-20,Crédito corporativo,445.14,Pagado
965,PG00965,965,2026-06-12,Tarjeta,1106.68,Pagado
966,PG00966,966,2026-04-03,Efectivo contraentrega,38.40,Pagado
967,PG00967,967,2026-05-26,Transferencia,789.84,Pagado
968,PG00968,968,2026-05-15,Crédito corporativo,675.50,Pagado
969,PG00969,969,2026-05-19,Tarjeta,472.92,Pagado
970,PG00970,970,2026-05-21,Efectivo contraentrega,3893.46,Pagado
971,PG00971,971,2026-04-16,Transferencia,0.0,Anulado
972,PG00972,972,2026-05-03,Crédito corporativo,272.60,Pagado
973,PG00973,973,2026-04-04,Tarjeta,636.79,parcial
974,PG00974,974,2026-04-04,Efectivo contraentrega,1022.44,Pagado
975,PG00975,975,2026-03-17,Transferencia,2400.00,Pagado
976,PG00976,976,2026-04-20,Crédito corporativo,0.0,Anulado
977,PG00977,977,2026-06-16,Tarjeta,2315.85,Pagado
978,PG00978,978,2026-03-28,Efectivo contraentrega,742.79,Pagado
979,PG00979,979,2026-02-12,Transferencia,1847.09,Pagado
980,PG00980,980,2026-03-12,Crédito corporativo,0.0,Anulado
981,PG00981,981,2026-04-21,Tarjeta,0.0,Anulado
982,PG00982,982,2026-02-12,Efectivo contraentrega,1076.56,Pagado
983,PG00983,983,2026-04-03,Transferencia,1261.91,Parcial
984,PG00984,984,2026-05-06,Crédito corporativo,188.90,Pagado
985,PG00985,985,2026-02-21,Tarjeta,2300.00,Pagado
986,PG00986,986,2026-04-05,Efectivo contraentrega,351.02,Pagado
987,PG00987,987,2026-03-19,Transferencia,0.0,Anulado
988,PG00988,988,2026-06-16,Crédito corporativo,2265.42,Pagado
989,PG00989,989,2026-01-24,Tarjeta,0.0,Anulado
990,PG00990,990,2026-04-02,Efectivo contraentrega,630.67,Pagado
991,PG00991,991,2026-05-03,Transferencia,1466.62,Pagado
992,PG00992,992,2026-06-03,Crédito corporativo,1203.71,Parcial
993,PG00993,993,2026-05-12,Tarjeta,79.20,Pagado
994,PG00994,994,2026-02-19,Efectivo contraentrega,849.15,Pagado
995,PG00995,995,2026-03-24,Transferencia,0.0,Anulado
996,PG00996,996,2026-03-15,Crédito corporativo,175.00,Pagado
997,PG00997,997,2026-05-17,Tarjeta,53.75,Pagado
998,PG00998,998,2026-06-24,Efectivo contraentrega,1037.12,Pagado
999,PG00999,999,2026-06-12,Transferencia,979.00,Pagado
1000,PG01000,1000,2026-02-12,Crédito corporativo,2218.43,Pagado
